Location_name,Literature,Cultural_Significance,Distinctive_Feature,Latitude,Longitude,Google_Maps_Link,Official_Website,Category,,,,,
Battle of Adwalton Moor 1643,The English Civil War - Diane Purkiss; The English Civil War: A Military History - Peter Gaunt,"The Battle of Adwalton Moor, fought on 30 June 1643 near Bradford in Yorkshire, saw a Parliamentarian force under Lord Fairfax attempt to block a larger royalist army commanded by the Earl of Newcastle. Fairfax's troops were eventually driven from the field after hard fighting in enclosed lanes and open moor, giving the royalists control of most of Yorkshire and threatening Parliament's position in the north. In strategic terms the defeat forced Parliament's northern leaders to retreat towards Hull and helped pave the way for later Scottish intervention on Parliament's side. Casualty estimates vary, but several hundred Parliamentarian soldiers were killed or wounded, with somewhat lighter losses reported on the royalist side, reflecting the Parliamentarian collapse late in the day.","The battlefield lies on rising ground to the south-east of Bradford, where suburban expansion, roads and agricultural land overlap what was once open moor and enclosed fields. Some aspects of the original topography survive in the rolling ground and field boundaries that hint at the lanes and hedged enclosures that shaped the fighting. Access is mainly via public roads and paths rather than a single dedicated visitor site, and interpretation relies heavily on local information and online guides rather than extensive on-site boards. Visitors can reach the general area by car, but reconstructing the battle on the ground requires map reading and some imagination in a landscape that now mixes housing, farmland and remnants of open country.",53.755999,-1.673734,"https://www.google.com/maps?q=53.755999,-1.673734",https://www.battlefieldstrust.com/resource-centre/battleview.asp?BattleFieldId=4,Military,,,,,
Battle of Barnet 1471,The Wars of the Roses - Alison Weir; Blood and Roses - Helen Castor,"The Battle of Barnet, fought on 14 April 1471 just north of London, was a decisive clash in the Wars of the Roses between the Yorkist forces of Edward IV and the Lancastrian army led by Richard Neville, Earl of Warwick, the “Kingmaker”. In thick fog on Easter morning the lines overlapped, causing confusion and even friendly fire among the Lancastrians, and Edward’s troops eventually broke Warwick’s army and killed Warwick as he tried to escape, removing the most powerful Lancastrian magnate. This victory secured Edward IV’s restoration to the throne and shattered the Lancastrian leadership even before the later Yorkist success at Tewkesbury, helping to stabilise Edward’s regime for the rest of his reign. Contemporary and later estimates differ, but modern summaries usually suggest that between roughly 1,500 and 4,000 men were killed on both sides, reflecting the ferocity of several hours of close?quarters fighting.","The battlefield area at Barnet is now largely covered by modern development on the northern edge of London, where roads, housing and other urban features sit over what was once open heath and common land. Only traces of the original topography, such as gentle ridges and route lines, can be discerned within an essentially suburban landscape, and the exact locations of some phases of the fighting remain debated. There is no single open battlefield park, but commemorative monuments, plaques and local heritage trails mark key points associated with the battle. ",51.660999,-0.197286,"https://www.google.com/maps?q=51.660999,-0.197286",https://www.battlefieldstrust.com/resource-centre/warsoftheroses/battleview.asp?BattleFieldId=5,Military,,,,51.660999,-0.197286
Battle of Blore Heath 1459,Lancaster and York - Alison Weir; The Wars of the Roses: The Fall of the Plantagenets and the Rise of the Tudors - Dan Jones,"The Battle of Blore Heath on 23 September 1459 in Staffordshire was one of the earliest major engagements of the Wars of the Roses, fought between a Yorkist force under Lord Salisbury and a larger Lancastrian army. Despite being outnumbered, the Yorkists chose a strong defensive position behind a stream and used a feigned retreat to lure their opponents into disorderly attacks, inflicting heavy losses on the king's supporters. Although the victory temporarily boosted Yorkist morale and showed that they could defeat larger royal forces in the field, it did not prevent a later political setback at Ludford Bridge and a temporary reassertion of Lancastrian authority. Contemporary chroniclers differ on numbers, but estimates suggest that Lancastrian casualties may have run into the low thousands, including several prominent nobles, while Yorkist losses appear to have been considerably lower.","The Blore Heath battlefield remains largely rural, characterised by open fields, hedgerows and gentle undulating ground crossed by small watercourses and lanes, which still give a sense of how the Yorkists used the terrain to their advantage. The basic pattern of fields and minor roads helps visitors imagine the defensive line behind the stream and the difficulties faced by attacking troops advancing over broken ground. There are minor roads and public rights of way across the area, along with local monuments and plaques commemorating the battle, but no large visitor centre or dense on-site infrastructure. Parking and access points are limited, so visitors should expect a quiet countryside experience where maps, guidebooks and a few markers provide most of the interpretation.",52.912548,-2.424343,"https://www.google.com/maps?q=52.912548,-2.424343",https://www.battlefieldstrust.com/resource-centre/warsoftheroses/battleview.asp?BattleFieldId=6,Military,,,,,
Battle of Boroughbridge 1322,The Reign of Edward II - Natalie Fryde; Edward II - Seymour Phillips,"The Battle of Boroughbridge, fought on 16 March 1322 in North Yorkshire, saw royal forces loyal to King Edward II confront a rebel army led by his cousin Thomas, Earl of Lancaster. The king's troops, using a strong defensive position at the bridge and a nearby ford over the River Ure, blocked Lancaster's attempt to break south, relying on disciplined infantry armed with spears and archers to hold the crossings. The defeat and capture of Lancaster at Boroughbridge ended the rebellion of the northern magnates and allowed Edward II briefly to reassert royal authority, leading to Lancaster's execution and harsh reprisals against his supporters. Medieval sources are imprecise, but the fighting likely caused substantial casualties among the rebels as they were driven back from the bridge and ford under heavy missile fire, while royal losses appear to have been markedly lower.","The battlefield area today centres on the river crossings near the modern town of Boroughbridge, where road bridges, embankments and surrounding development overlay much of the medieval site. Some stretches of riverbank and low-lying ground still hint at the constraints that the water and marshy approaches imposed on medieval troops attempting to force a crossing. There is limited battlefield specific infrastructure, and visitors mostly experience the site as a small town and road junction environment rather than an open heritage landscape. Interpretation relies on local plaques, publications and online resources, with access by main roads and short walks rather than through a dedicated battlefield park.",54.098829,-1.393281,"https://www.google.com/maps?q=54.098829,-1.393281",https://www.battlefieldstrust.com/resource-centre/medieval/battleview.asp?BattleFieldId=7,Military,,,,,
Battle of Bosworth (Field) 1485,Bosworth 1485: The Battle that Transformed England - Michael Jones; The Hollow Crown: The Wars of the Roses and the Rise of the Tudors - Dan Jones,"The Battle of Bosworth Field on 22 August 1485 in Leicestershire brought Henry Tudor's army into conflict with the royal forces of King Richard III in one of the most famous battles of the Wars of the Roses. Henry's forces, supported at a crucial moment by the Stanley family, overcame the royal army, and Richard was killed while leading a final cavalry charge, ending the Plantagenet male line. The victory placed Henry VII on the throne and founded the Tudor dynasty, ushering in a new phase of English monarchy and retrospectively marking a symbolic end to the dynastic civil wars that had dominated much of the fifteenth century. Estimates of casualties vary, but modern historians commonly suggest that several thousand men were killed or wounded in total, with particularly heavy losses among Richard's closest household troops in the final stages of the battle.","The modern Bosworth battlefield is a managed heritage landscape of fields, hedgerows and gentle ridges, reinterpreted after detailed research shifted the focus of the likely fighting from the traditional site. Visitors experience a mixture of open farmland, water features and pathways with views across the surrounding countryside, supported by sculptural markers and viewing platforms that indicate key positions and movements. A visitor centre and museum provide extensive interpretation, including exhibitions on Richard III, Henry Tudor and the wider Wars of the Roses, along with way marked battlefield trails. There is on-site parking, signed routes and information boards, making Bosworth one of the best developed late medieval battlefields in England for those wanting to explore the ground on foot.",52.587567,-1.41687,"https://www.google.com/maps?q=52.587567,-1.41687",https://www.battlefieldstrust.com/resource-centre/warsoftheroses/battleview.asp?BattleFieldId=8,Military,,,,,
Battle of Braddock Down 1643,"The English Civil War: A Military History - Peter Gaunt; Divided Kingdom: Ireland, Scotland and Wales and the British Civil Wars - John Morrill","The Battle of Braddock Down, fought on 19 January 1643 near Liskeard in Cornwall, saw Sir Ralph Hopton's royalist army confront and decisively defeat a Parliamentarian force led by General Ruthin. The Parliamentarian troops, drawn largely from local militias with limited training, broke under pressure from more experienced royalist infantry and cavalry, leaving the West Country increasingly under royalist control in the early phase of the English Civil War. This victory strengthened royalist morale in the region and formed part of a sequence of successes that secured much of Cornwall and Devon for the king before later campaigns shifted the balance. Contemporary accounts describe substantial Parliamentarian losses and large numbers of prisoners, while royalist casualties seem to have been relatively light, though precise figures are not known.","Braddock Down today remains chiefly rural, characterised by open fields, hedgerows and patches of woodland on gently sloping ground typical of inland Cornwall. The general setting retains a strong sense of open countryside, which makes it easier to imagine infantry and cavalry movements across the down despite alterations in field boundaries over time. Modern access is via minor roads and public footpaths, with no major visitor centre or dense interpretation infrastructure on the battlefield itself. Parking is limited to small lay-bys or nearby village areas, so visitors should expect a quiet, undeveloped landscape where guidebooks, maps and online resources provide most of the interpretation.",50.438845,-4.571235,"https://www.google.com/maps?q=50.438845,-4.571235",https://www.battlefieldstrust.com/resource-centre/civil-war/battleview.asp?BattleFieldId=9,Military,,,,,
Battle of Chalgrove 1643,Prince Rupert: The Last Cavalier - Charles Spencer; The English Civil War - Tristram Hunt,"The Battle of Chalgrove Field on 18 June 1643 in Oxfordshire was a sharp cavalry engagement in which Prince Rupert's royalist horse surprised and defeated Parliamentarian forces commanded by Colonel John Urry, with the prominent Parliamentarian leader John Hampden among those mortally wounded. Rupert's raid had set out from Oxford to disrupt Parliament's communications and gather intelligence, and the success at Chalgrove demonstrated again the mobility and aggressiveness of royalist cavalry early in the war. Strategically the action did not transform the wider campaign around Oxford, but Hampden's death deprived Parliament of a respected political figure and was quickly turned into a symbol of sacrifice for the Parliamentary cause. Casualties were modest compared with major set-piece battles, though several dozen Parliamentarian soldiers were killed or wounded alongside Hampden, while royalist losses were relatively light.","The Chalgrove battlefield lies in gently undulating arable farmland with hedged fields and long, open views typical of rural Oxfordshire, though some elements of the seventeenth century landscape have been altered by modern agriculture and minor roads. The open character of the ground still makes it possible to imagine rapid cavalry movements across the fields and lanes where the skirmish unfolded. There is no large visitor centre dedicated solely to the battle, and access is mainly via local roads and public footpaths that cross or run near the site. Interpretation is provided by a small number of local markers and external guides, so visitors generally rely on maps, online resources and guidebook descriptions to understand how the action developed on the ground.",51.676133,-1.065524,"https://www.google.com/maps?q=51.676133,-1.065524",https://www.battlefieldstrust.com/resource-centre/civil-war/battleview.asp?BattleFieldId=10,Military,,,,,
Battle of Cheriton 1644,"The English Civil War: A Military History - Peter Gaunt; God's Fury, England's Fire - Michael Braddick","The Battle of Cheriton, fought on 29 March 1644 near Winchester in Hampshire, set a Parliamentarian army under Sir William Waller against royalist forces commanded by the Earl of Forth and Lord Hopton. After a tense stand-off and confused fighting among fields, lanes and woodland, Parliament won a clear victory, forcing the royalists to abandon their attempt to push into the south east and threatening their hold on the region. Cheriton is often seen as a strategic turning point in the southern theatre of the First Civil War, curbing royalist ambitions and helping to secure Parliament's long term position in the Home Counties and along key routes to London. Estimates suggest that both sides suffered substantial losses, with perhaps a few thousand men killed or wounded in total and the royalists particularly hard hit as their line gave way.","The battlefield around Cheriton remains largely rural, a patchwork of fields, woods and narrow lanes on gently rolling ground in the Hampshire countryside. Surviving woodland blocks and enclosed fields echo features that influenced the original battle, offering a landscape where it is still possible to relate topography to historical accounts of infantry and cavalry manoeuvres. Public footpaths and minor roads provide access through parts of the battlefield, though there is no single large visitor centre focused solely on the engagement. Interpretation is supported by some on-site information and external guides, and visitors generally find parking in nearby villages or lay-bys before exploring the area on foot.",51.061921,-1.15023,"https://www.google.com/maps?q=51.061921,-1.15023",https://www.battlefieldstrust.com/resource-centre/civil-war/battleview.asp?BattleFieldId=11,Military,,,,,
Battle of Cropredy Bridge 1644,The English Civil War: A Military History - Peter Gaunt; The English Civil War - Diane Purkiss,"The Battle of Cropredy Bridge, fought on 29 June 1644 near Banbury in Oxfordshire, pitted King Charles I's royalist army against Parliamentarian forces under Sir William Waller along the River Cherwell. As Waller attempted to catch the royal army in mid movement, a series of confused attacks around the bridge and nearby fords failed to cut off the king's line of retreat, and the royalists ultimately held their positions and preserved their army. Strategically the action was important because it thwarted Parliament's efforts to trap Charles in the Midlands at a time when Parliament hoped to coordinate victories on several fronts, allowing the king to escape what might have been a disastrous encirclement. Casualties were moderate by the standards of the war-probably in the low hundreds on each side-yet the psychological effect was significant, contributing to Waller's loss of reputation after earlier setbacks.","The battlefield at Cropredy Bridge today follows the line of the River Cherwell north of Banbury, where the road bridge, nearby lanes and surrounding fields give a sense of the obstacles that shaped the fighting. Much of the ground remains agricultural, with hedged fields, gentle slopes and river meadows, though modern roads and some development have altered the precise appearance of certain areas. Visitors can walk public footpaths and minor roads that cross or run alongside the historic crossing points, but there is no large dedicated battlefield park or visitor centre. Interpretation is provided mainly by local information, occasional markers and external guides, so exploring the site works best with a map and some background reading to relate features such as the bridge, fords and ridges to the movements of royalist and Parliamentarian troops.",52.111052,-1.301713,"https://www.google.com/maps?q=52.111052,-1.301713",https://www.battlefieldstrust.com/resource-centre/civil-war/battleview.asp?BattleFieldId=2,Military,,,,,
Battle of Edgcote 1469,The Wars of the Roses - Alison Weir; The Wars of the Roses: The Fall of the Plantagenets and the Rise of the Tudors - Dan Jones,"The Battle of Edgcote, fought on 26 July 1469 near Banbury in Northamptonshire, occurred during a rebellion against the Yorkist king Edward IV led by Richard Neville, Earl of Warwick, and Edward's disaffected brother George, Duke of Clarence. A royal army under William Herbert, Earl of Pembroke, and Humphrey Stafford, Earl of Devon, confronted rebel forces associated with Warwick, and after a confused, hard fought engagement the royalists were routed, with Pembroke captured and executed soon afterwards. The defeat at Edgcote gravely weakened Edward's position, allowing Warwick and Clarence to seize the king and briefly dominate the government, and it forms a key moment in the internal Yorkist crisis of the late 1460s. Chronicles suggest that several thousand men may have been killed or wounded, with particularly heavy losses among the Welsh troops serving under Pembroke.","The Edgcote battlefield lies in a largely rural area of fields, hedgerows and gently rolling ground near the River Cherwell, retaining much of its agricultural character despite modern changes in field boundaries and farming patterns. The landscape still includes open views, shallow valleys and lanes that help visitors picture the deployment of fifteenth century infantry and the routes by which troops approached the field. There is no major visitor centre dedicated solely to the battle, and access is mainly via country roads and public footpaths that cross or skirt parts of the site. Interpretation is supported through battlefield guides, local information and a small number of markers, so visitors typically need a map and background reading to relate present day features to the course of the fighting.",52.120763,-1.250064,"https://www.google.com/maps?q=52.120763,-1.250064",https://www.battlefieldstrust.com/resource-centre/warsoftheroses/battleview.asp?BattleFieldId=13,Military,,,,,
Battle of Edgehill 1642,The English Civil War - Diane Purkiss; The English Civil War: A Military History - Peter Gaunt,"The Battle of Edgehill, fought on 23 October 1642 in Warwickshire, was the first major pitched battle of the English Civil War, bringing King Charles I's royalist army into direct confrontation with Parliament's main field force under the Earl of Essex. Both sides deployed on open ground below the Edgehill escarpment, and after hours of cavalry charges, infantry firefights and local breakthroughs, the fighting ended inconclusively, with neither army destroyed and both able to withdraw. Even so, Edgehill demonstrated that the war would not be decided quickly, revealed the strengths of royalist cavalry and the weaknesses of command and control on both sides, and set the pattern for large scale engagements to come. Contemporary accounts disagree on exact figures, but modern estimates often suggest that perhaps 1,000 to 1,500 men were killed and several thousand wounded, shared between the two armies.","The Edgehill battlefield today is a largely rural landscape of open fields, hedgerows and gentle slopes beneath the prominent escarpment that gave the battle its name, with long views across the plain where the two armies deployed. The basic relationship between the high ground and the lower farmland remains visible, helping visitors understand how royalist troops descended from the ridge to engage Parliamentarian forces on the plain. Public roads and footpaths cross the area, and there are viewpoints and monuments that mark key locations, although modern agriculture and some development have altered field boundaries. There is no single large visitor centre focused solely on the battle, but interpretation boards, local markers and guidebooks, combined with roadside parking and village access points, allow interested visitors to explore significant parts of the battlefield on foot or by car.",52.137909,-1.48636,"https://www.google.com/maps?q=52.137909,-1.48636",https://www.battlefieldstrust.com/resource-centre/civil-war/battleview.asp?BattleFieldId=3,Military,,,,,
Battle of Evesham 1265,"The Reign of Henry III - David Carpenter; The First English Revolution: Simon de Montfort, Henry III and the Barons' War - Adrian Jobson","The Battle of Evesham, fought on 4 August 1265 in Worcestershire, was the climactic encounter of the Second Barons' War, pitting King Henry III and his son Prince Edward against the rebel forces of Simon de Montfort, Earl of Leicester. Edward outmanoeuvred de Montfort, lured away parts of the rebel army, and then attacked his depleted force near Evesham in a battle described by contemporaries as more of a massacre than a conventional engagement. The royal victory effectively crushed the baronial reform movement centred on de Montfort, who was killed on the field and brutally dismembered, and it allowed the crown to restore royal authority even though some pockets of resistance continued. Medieval chroniclers emphasise the heavy losses among the rebels, with many of de Montfort's leading supporters killed alongside him, while royal casualties appear to have been significantly lighter, though exact numbers are not known.","The Evesham battlefield lies on a loop of the River Avon south of the town, where gentle ridges and river meadows framed the ground on which de Montfort's army was trapped and overwhelmed. Much of the area remains agricultural, with fields and hedgerows that help visitors appreciate the limited options available to the rebels once the royalists had seized the surrounding high ground. Modern Evesham has expanded across parts of the wider landscape, but key areas of the battlefield are still accessible via roads, footpaths and riverside walks, supplemented by monuments and interpretive features. There is no large stand alone visitor centre solely for the battle, yet local heritage organisations and guidebooks provide detailed reconstructions, and parking in and around the town makes it relatively straightforward to explore the surviving parts of the site.",52.104047,-1.943094,"https://www.google.com/maps?q=52.104047,-1.943094",https://www.battlefieldstrust.com/resource-centre/medieval/battleview.asp?BattleFieldId=14,Military,,,,,
Battle of Flodden 1513,Flodden: A Scottish Tragedy - Peter Reese; Flodden 1513: Scotland's Greatest Defeat - John Sadler,"The Battle of Flodden, fought on 9 September 1513 near Branxton in Northumberland, was a major clash between a Scottish army led by King James IV and an English force commanded in Henry VIII's absence by Thomas Howard, Earl of Surrey. James had invaded northern England in support of France under the Auld Alliance, but English manoeuvres and artillery forced the Scots from their strong initial position onto more difficult ground. The resulting battle ended in a devastating Scottish defeat: James IV was killed along with much of his nobility and many experienced soldiers, leaving Scotland politically and militarily shaken. Contemporary and later estimates vary widely, but Scottish losses may have reached ten thousand or more killed, while English casualties were far lower, though still significant, making Flodden one of the bloodiest battles ever fought between the two kingdoms.","The Flodden battlefield today is a broad, open landscape of rolling fields and low ridges with long views across the Northumberland countryside, still largely agricultural in character. The contours of Branxton Hill and the surrounding slopes help visitors understand how changes of position and ground conditions influenced the Scottish advance and the effectiveness of English billmen and artillery. A network of footpaths, including a way marked battlefield trail, allows people to walk key parts of the site, supported by information boards and a prominent granite cross that commemorates those who died. There is parking near the village and at designated points around the battlefield, but no large central visitor centre, so interpretation relies on on- site panels, guidebooks and external resources that explain the course and significance of the battle.",55.627294,-2.175331,"https://www.google.com/maps?q=55.627294,-2.175331",https://www.battlefieldstrust.com/resource-centre/early-modern/battleview.asp?BattleFieldId=15,Military,,,,,
Battle of Hastings 1066,1066: The Year of the Conquest - David Howarth; The Norman Conquest - Marc Morris,"The Battle of Hastings on 14 October 1066 in Sussex pitted King Harold Godwinson's English army against an invading Norman force led by William, Duke of Normandy, in a decisive struggle for the English crown. After a day of intense fighting on the slopes of Senlac Hill, repeated Norman assaults and feigned retreats finally broke the English shield wall, Harold was killed and his army collapsed, leaving the road to London open. William's victory ended Anglo Saxon royal rule and allowed him to be crowned king, bringing a new Norman aristocracy, reshaping landholding and church leadership, and tying England more closely to continental Europe. Contemporary accounts and modern estimates vary, but several thousand men on both sides are thought to have been killed or wounded, with especially heavy losses among Harold's infantry and household troops who held the ridge for most of the day.","Today the battlefield lies in and around the town of Battle in East Sussex, where the core slopes of Senlac Hill survive as open grass and meadow beneath the remains of Battle Abbey, founded by William near the site of the fighting. The preserved fields, woodland edges and shallow valley still allow visitors to visualise the English defensive line on the ridge and the ground over which Norman infantry and cavalry advanced. The site is managed as a major heritage attraction with a visitor centre, museum displays and audio visual interpretation, along with a marked battlefield trail that follows sections of the original ground. There is on-site parking, facilities and relatively easy access to key viewpoints, making Hastings one of the best interpreted and most accessible medieval battlefields in England.",50.911665,0.485233,"https://www.google.com/maps?q=50.911665,0.485233",https://www.battlefieldstrust.com/resource-centre/viking/battleview.asp?BattleFieldId=17,Military,,,,,
Battle of Homildon Hill 1402,The Wars of the Roses and the Hundred Years War - A.J. Pollard; Henry IV - Chris Given-Wilson,"The Battle of Homildon Hill, fought on 14 September 1402 near Wooler in Northumberland, saw an English force under Henry Percy, Earl of Northumberland, and his son Henry 'Hotspur' Percy confront a Scottish army led by Archibald Douglas, Earl of Douglas. The Scots, returning from a raid into northern England, found their path blocked and took position on rising ground, but were subjected to devastating fire from English longbowmen who inflicted heavy losses before any large-scale hand-to-hand fighting could develop. The battle ended in a crushing English victory, with Douglas and many Scottish nobles captured, reinforcing the military reputation of the Percies and the effectiveness of English archery late in the Hundred Years War period. Contemporary chronicles emphasise the scale of Scottish casualties, possibly several thousand killed or wounded, while English losses appear to have been comparatively light, though exact numbers are uncertain.","The Homildon Hill battlefield remains a largely open, rural landscape of sloping fields and rough ground in the Cheviot foothills, with broad views over the surrounding countryside that convey the exposed position of the Scottish troops under arrow fire. The contours of the hill and neighbouring ridges still help visitors understand how elevation and distance favoured the English archers and restricted the Scots' ability to close quickly. There is no major visitor centre dedicated solely to the battle, and access is mainly via minor roads and public footpaths that cross farmland and rough pasture. Interpretation is provided through guidebooks, online resources and some local information, so visitors generally need background material and maps to relate present-day features to the positions of the opposing armies.",55.552528,-2.050196,"https://www.google.com/maps?q=55.552528,-2.050196",https://www.battlefieldstrust.com/resource-centre/medieval/battleview.asp?BattleFieldId=18,Military,,,,,
Battle of Hopton Heath 1643,The English Civil War - Diane Purkiss; The English Civil War: A Military History - Peter Gaunt,"The Battle of Hopton Heath, fought on 19 March 1643 near Stafford, brought a Parliamentarian force under Sir John Gell and Sir William Brereton into conflict with a royalist army led by the Earl of Northampton. The fighting on the open heath was hard-pressed and somewhat indecisive: Parliament's troops held parts of the field and captured some royalist guns, but they eventually withdrew, while the royalists failed to turn the engagement into a clear strategic victory. The battle is best remembered for the death of the Earl of Northampton, a prominent royalist commander, whose loss was a severe blow to royalist morale in the Midlands. Contemporary accounts suggest that casualties on both sides were in the hundreds rather than the thousands, with the royalists suffering the more significant political loss through Northampton's fall.","The Hopton Heath battlefield today is an area of gently rolling farmland and open ground north-east of Stafford, with fields, hedgerows and lanes replacing the more extensive heathland that existed in the seventeenth century. Although some of the original open common has been enclosed and altered by modern agriculture, the general sense of exposed, slightly elevated ground remains, helping visitors imagine cavalry and infantry manoeuvring across the landscape. There is no major visitor centre devoted solely to the battle, and access is mostly via minor roads and public footpaths that cross or border the historic area. Interpretation is limited to local information and external battlefield guides, so visitors usually rely on maps and written accounts to relate present-day features to the positions held by royalist and Parliamentarian forces.",52.836333,-2.068627,"https://www.google.com/maps?q=52.836333,-2.068627",https://www.battlefieldstrust.com/resource-centre/civil-war/battleview.asp?BattleFieldId=19,Military,,,,,
Battle of Langport 1645,The English Civil War - Diane Purkiss; The English Civil War: A Military History - Peter Gaunt,"The Battle of Langport, fought on 10 July 1645 in Somerset, saw Sir Thomas Fairfax's New Model Army and forces under Oliver Cromwell confront a royalist field army commanded by Lord Goring. Following closely on the Parliamentarian victory at Naseby, Fairfax pressed the royalists westward and caught them near Langport, where disciplined Parliamentarian infantry and cavalry attacked up difficult ground and broke Goring's army after sharp fighting. Langport effectively destroyed the last significant royalist field force in the West Country, clearing the way for a systematic reduction of remaining royalist strongholds and contributing to the collapse of King Charles I's military position by the end of 1646. Contemporary accounts and modern estimates suggest that royalist casualties and prisoners numbered in the thousands when rout and pursuit are taken into account, while Parliamentarian losses in the battle itself were far lighter, though not negligible.","The Langport battlefield lies in a landscape of ridges, lanes and low-lying fields around the River Yeo and its tributaries, where steep approaches and narrow ways shaped the Parliamentarian advance. Much of the area remains rural, with hedged fields and small valleys that help visitors appreciate the difficulties faced by royalist troops retreating under pressure and the advantages enjoyed by the well-organised New Model Army. There is no large, single battlefield park or visitor centre devoted solely to Langport, but public roads and footpaths allow access to key points in and around the town and surrounding countryside. Interpretation is mainly through local information, guidebooks and online battlefield resources, so visitors usually need maps and background reading to connect present-day features such as lanes, ridges and river crossings to the course of the 1645 engagement.",51.044906,-2.799116,"https://www.google.com/maps?q=51.044906,-2.799116",https://www.battlefieldstrust.com/resource-centre/civil-war/battleview.asp?BattleFieldId=20,Military,,,,,
Battle of Lansdown (Hill) 1643,The English Civil War - Diane Purkiss; The English Civil War: A Military History - Peter Gaunt,"The Battle of Lansdown, fought on 5 July 1643 on the heights north of Bath, brought a Parliamentarian army under Sir William Waller into conflict with royalist forces led by Sir Ralph Hopton and Prince Maurice. Parliament's troops held strong defensive positions along stone walls and steep slopes on Lansdown Hill, and repeated royalist assaults in difficult terrain produced very heavy casualties, particularly among the famous Cornish infantry. By the end of the day Waller had withdrawn from the hill, leaving the royalists in possession of the immediate ground but at such cost that they were unable to exploit the result and soon had to retreat after an ammunition explosion wounded Hopton. Historians therefore tend to treat Lansdown as a Pyrrhic royalist success that failed to break Parliament's power in the west. Contemporary accounts suggest that several hundred, and perhaps over a thousand, men were killed or wounded, with royalist losses likely exceeding those of Parliament.","The Lansdown battlefield is a dramatic landscape of high ridges, steep slopes and stone-walled fields overlooking Bath, where much of the basic topography that shaped the 1643 fighting is still apparent. The mixture of open ground, small enclosures and patches of woodland allows visitors to appreciate the difficulty of attacking up the hill and the value of Parliament's defensive positions behind walls and hedges. Modern roads, including the A46, run across parts of the battlefield, and there are car parks and lay-bys from which short walks reach key viewpoints and monuments, such as the obelisk commemorating Sir Bevil Grenville. There is no large visitor centre dedicated solely to the battle, but on-site markers, local information and published guides, combined with good access by road and public footpaths, make Lansdown one of the more evocative Civil War hill battlefields to explore.",51.440734,-2.396555,"https://www.google.com/maps?q=51.440734,-2.396555",https://www.battlefieldstrust.com/resource-centre/civil-war/battleview.asp?BattleFieldId=21,Military,,,,,
Battle of Lewes 1264,"The First English Revolution: Simon de Montfort, Henry III and the Barons' War - Adrian Jobson; The Reign of Henry III - David Carpenter","The Battle of Lewes, fought on 14 May 1264 in Sussex, was a decisive engagement of the Second Barons' War between King Henry III, supported by his son Prince Edward, and rebel forces led by Simon de Montfort, Earl of Leicester. De Montfort, using the high ground of the Downs and a surprise early morning attack, defeated the royal army despite being outnumbered, capturing both Henry and Edward after royalist missteps and over-aggressive cavalry charges. The victory forced the king to accept the Mise of Lewes settlement, temporarily placing royal authority under baronial ",,50.880908,-0.011872,"https://www.google.com/maps?q=50.880908,-0.011872",https://www.battlefieldstrust.com/resource-centre/medieval/battleview.asp?BattleFieldId=22,Military,,,,,
Battle of Lostwithiel 21 August 1644,The English Civil War - Diane Purkiss; The English Civil War: A Military History - Peter Gaunt,"The actions around Lostwithiel in August 1644 formed part of a larger campaign in which King Charles I and royalist commanders trapped the Parliamentarian army of the Earl of Essex in Cornwall. On 21 August fighting near Lostwithiel and along key approaches saw royalist forces press Parliament's outposts and constrict their positions, helping to sever supply routes and tighten the encirclement. These combats, together with subsequent manoeuvres, led to the collapse of Essex's campaign: his infantry eventually surrendered and his cavalry escaped only by a difficult breakout, delivering one of Parliament's worst setbacks of the war. Contemporary accounts and later estimates suggest that, taken together with the surrender that followed, thousands of Parliamentarian soldiers were lost through capture, desertion and casualties, while royalist battlefield losses in the initial fighting appear to have been significantly lighter.","The Lostwithiel battlefield area on 21 August 1644 comprises a mixture of rolling countryside, lanes, woods and enclosed fields around the town and the River Fowey, reflecting the confined, broken ground in which much of the skirmishing and pressure took place. Today the landscape remains predominantly rural and wooded, with steep-sided valleys and narrow routes that help visitors understand how Essex's army was squeezed and its movements restricted. Modern roads, housing and agricultural changes have altered some details, but many of the hillsides and approaches to Lostwithiel still convey a sense of the difficulties of campaigning in this part of Cornwall. There is no single battlefield park or large visitor centre dedicated specifically to the 21 August actions, and access is via town streets, country roads and public footpaths, with interpretation relying on local information, plaques and external guides that link surviving features to the stages of the royalist encirclement.",50.418222,-4.652923,"https://www.google.com/maps?q=50.418222,-4.652923",https://www.battlefieldstrust.com/resource-centre/civil-war/battleview.asp?BattleFieldId=88,Military,,,,,
Battle of Lostwithiel 31 August - 1 September 1644,The English Civil War - Diane Purkiss; The English Civil War: A Military History - Peter Gaunt,"The final phase of the Lostwithiel campaign between 31 August and 1 September 1644 saw the trapped Parliamentarian army of the Earl of Essex attempt to break out of royalist encirclement in Cornwall. Under pressure from King Charles I's forces and running short of supplies, Essex ordered his cavalry to escape by night while his infantry tried to withdraw towards Fowey and the coast, but royalist attacks and the constricted terrain shattered these plans. After scattered fighting and skirmishing, Essex fled by boat and his remaining infantry were compelled to surrender on terms, handing over their arms and artillery. This capitulation delivered one of Parliament's gravest defeats of the war, destroying a major field army in the West and briefly boosting royalist morale. Although outright battlefield deaths over these two days were not on the scale of the largest set-piece battles, thousands of Parliamentarian soldiers were lost through capture, exhaustion and desertion, while royalist casualties in the final fighting appear to have been much lower.","The landscape associated with the 31 August-1 September fighting and surrender lies in the deeply indented countryside around Lostwithiel, Fowey and the River Fowey, marked by steep hillsides, wooded valleys and enclosed fields. These features help explain how Essex's infantry found themselves funnelled into narrow routes and confined spaces where royalist forces could dominate roads and high ground. Much of the area remains rural and wooded, though modern roads, housing and harbour development at Fowey have changed aspects of the setting. There is no single, clearly defined battlefield park for this phase; instead, visitors encounter a series of locations-lanes, ridges, riverside areas and town streets-linked by local heritage trails and guidebooks. Access is by car and on foot via public paths and roads, with interpretation relying on maps, plaques and written accounts that tie surviving features to the closing stages of the campaign and the Parliamentarian surrender.",50.371755,-4.668293,"https://www.google.com/maps?q=50.371755,-4.668293",https://www.battlefieldstrust.com/resource-centre/civil-war/battleview.asp?BattleFieldId=88,Military,,,,,
Battle of Maldon 991,The Battle of Maldon AD 991 - Translated and Edited by Michael Swanton; England Before the Conquest - Peter Hunter Blair,"The Battle of Maldon, fought in 991 near the town of Maldon in Essex, pitted an Anglo-Saxon force under Earl Byrhtnoth against a Viking raiding army. According to later narrative and the famous Old English poem, Byrhtnoth allowed the Vikings to cross from an island causeway to fight on equal terms, but his army was eventually overwhelmed after hard combat, and he was killed on the field. Strategically the defeat exposed the vulnerability of England's coasts to organised Scandinavian attacks and helped push the English crown towards paying large sums of tribute, or Danegeld, in an effort to buy off further raids. Contemporary sources do not give precise numbers, but the fighting seems to have caused heavy losses among Byrhtnoth's followers, with a significant portion of his local levy destroyed, while Viking casualties, though substantial, are unknown.","The Maldon battlefield lies near the tidal waters of the River Blackwater, close to the causeway that links the mainland to Northey Island, where marshes and mudflats meet slightly higher ground. Modern sea walls, channels and land-reclamation schemes have altered the exact appearance of the shoreline and causeway, but the contrast between the island, the crossing and the mainland still helps visitors picture the tactical dilemma faced by Byrhtnoth. The surrounding area includes a mixture of saltmarsh, water, industrial development and town edges, so the battlefield is not preserved as a single open field site. Access is via roads, riverside paths and coastal walks, with interpretation provided mainly through local information boards, the landscape itself and literary connections to the poem rather than a dedicated visitor centre.",51.718746,0.703893,"https://www.google.com/maps?q=51.718746,0.703893",https://www.battlefieldstrust.com/resource-centre/viking/battleview.asp?BattleFieldId=23,Military,,,,,
Battle of Marston Moor 1644,"The English Civil War - Diane Purkiss; God's Fury, England's Fire - Michael Braddick","The Battle of Marston Moor, fought on 2 July 1644 west of York, brought together a large Parliamentarian and Scottish Covenanter army commanded by the Earl of Manchester, Lord Fairfax and Alexander Leslie against royalist forces under Prince Rupert and the Marquis of Newcastle. After hours of stalemate in wind and rain, an evening assault-driven in part by Oliver Cromwell's cavalry on the allied left-smashed the royalist line in a chaotic but decisive victory, routing Rupert's horse and breaking much of Newcastle's infantry. Marston Moor effectively ended major royalist power in the north of England, ensuring the fall of York and giving Parliament long-term strategic control of the region. Contemporary and modern estimates suggest that several thousand royalist soldiers were killed or captured, while allied casualties, though substantial, were lower, making this one of the largest and bloodiest battles of the war.","The Marston Moor battlefield remains a wide expanse of largely open farmland and low ridges between the villages of Long Marston, Tockwith and Rufforth, with big skies and long views that convey the scale of the armies deployed there. Field boundaries, lanes and slight rises still hint at the original positions of infantry and artillery, and the broad, gently sloping ground helps visitors imagine the sweeping cavalry charges that decided the battle. Modern roads and some housing intrude on parts of the landscape, but much of the core area is accessible via minor roads and public footpaths, supported by monuments and information boards marking key points such as the allied start line and the royalist positions. There is no large, central visitor centre, so interpretation relies on these markers, guidebooks and online resources, combined with straightforward access by car and on foot across the agricultural landscape.",53.96597,-1.265406,"https://www.google.com/maps?q=53.96597,-1.265406",https://www.battlefieldstrust.com/resource-centre/civil-war/battleview.asp?BattleFieldId=24,Military,,,,,
Battle of Myton 1319,"The Wars of Scotland, 1214-1371 - Michael Brown; The Reign of Edward II - Natalie Fryde","The Battle of Myton, fought on 20 September 1319 near the village of Myton-on-Swale in North Yorkshire, saw an English force composed largely of hastily raised clergy and local levies confront a Scottish raiding army under Sir James Douglas and the Earl of Moray. While King Edward II besieged Berwick, the Scots launched a major raid into northern England to divert him, and at Myton their experienced troops routed the ill-equipped English 'army of priests' beside the River Swale. The defeat exposed the weakness of English defences in the north during Edward II's reign and helped force the abandonment of the Berwick siege, reinforcing Scottish bargaining power in the wider war for independence. Contemporary accounts stress the scale of English losses, with large numbers of clergy and townsmen killed or drowned in the river during the rout, while Scottish casualties appear to have been comparatively light, though exact figures are not known.","The Myton battlefield today lies in low-lying farmland and meadows near the confluence of the Rivers Swale and Ure, a landscape shaped by rivers, ditches and flat fields that still suggests how fleeing troops could be trapped against watercourses. Modern drainage works, embankments and field patterns have altered some details of the medieval terrain, but the relationship between the village, the rivers and the open ground where the armies clashed remains intelligible. There is no major visitor centre dedicated to the battle, and access is mainly via minor roads, bridges and public footpaths around Myton and along the riverbanks. Interpretation relies on local information, church memorials and external historical guides, so visitors generally need maps and background reading to connect present-day features to the events of 1319.",54.098999,-1.339817,"https://www.google.com/maps?q=54.098999,-1.339817",https://www.battlefieldstrust.com/resource-centre/medieval/battleview.asp?BattleFieldId=26,Military,,,,,
Battle of Nantwich 1644,The English Civil War - Diane Purkiss; The English Civil War: A Military History - Peter Gaunt,"The Battle of Nantwich, fought on 25 January 1644 in Cheshire, saw a Parliamentarian relief force under Sir Thomas Fairfax attempt to break the royalist siege of the town held by Colonel George Booth. Royalist troops under Lord Byron had been investing Nantwich as part of a wider effort to secure the north-west, but heavy snow, flooding and divided deployments left them vulnerable when Fairfax attacked across the River Weaver. In a sharp engagement Parliamentarian infantry, supported by cavalry, pushed back the royalists and forced parts of their army to retreat or surrender, lifting the siege. The victory secured Nantwich for Parliament, weakened royalist influence in Cheshire and helped stabilise the north-west in advance of later campaigns. Contemporary accounts and modern estimates suggest that several hundred royalist soldiers were killed or captured, while Parliamentarian casualties were lower, though not insignificant.","The Nantwich battlefield lies in and around the town and the nearby River Weaver, where fields, meadows, lanes and crossing points shaped both the siege lines and the relief attack. Much of the immediate area has been altered by later urban growth, roads and river management, but some open ground and water meadows survive on the outskirts, hinting at the difficult winter conditions under which the battle was fought. Visitors today experience the site as a combination of townscape and surrounding countryside rather than a single coherent open battlefield. Access is straightforward by road and through town streets, with riverside paths and local trails offering views towards areas associated with the fighting; interpretation depends chiefly on plaques, church memorials and guide material produced by local historians and battlefield societies.",53.077509,-2.547,"https://www.google.com/maps?q=53.077509,-2.547",https://www.battlefieldstrust.com/resource-centre/civil-war/battleview.asp?BattleFieldId=27,Military,,,,,
Battle of Naseby 1645,"The English Civil War - Diane Purkiss; God's Fury, England's Fire - Michael Braddick","The Battle of Naseby, fought on 14 June 1645 in Northamptonshire, was the decisive set-piece engagement of the First English Civil War, opposing King Charles I's main field army to the newly formed Parliamentarian New Model Army under Sir Thomas Fairfax and Oliver Cromwell. On gently rising ground south of the village, Parliament's well-organised infantry and cavalry absorbed royalist attacks and then counter-attacked, breaking the king's centre and right while Cromwell's horse overwhelmed the royalist cavalry on one wing. Naseby shattered the king's principal army, led to the capture of his artillery and baggage train, and exposed compromising royal correspondence that undermined his political position; after this defeat the royalists were never again able to mount a comparable field force, and the strategic outcome of the war was effectively decided in Parliament's favour. Modern estimates suggest that perhaps a thousand or more royalist soldiers were killed and several thousand captured, while Parliamentarian casualties were much lower, though still substantial, highlighting the one-sided nature of the final rout.","The Naseby battlefield today is an expanse of open farmland, hedgerows and low ridges around the villages of Naseby and Clipston, where the broad, gently undulating ground still matches contemporary descriptions of the deployment lines. Visitors can see long views across the fields ",52.411028,-0.994333,"https://www.google.com/maps?q=52.411028,-0.994333",https://www.battlefieldstrust.com/resource-centre/civil-war/battleview.asp?BattleFieldId=51,Military,,,,,
Battle of Neville's Cross 1346,"The Wars of Scotland, 1214-1371 - Michael Brown; The Hundred Years War: The English in France 1337-1453 - Desmond Seward","The Battle of Neville's Cross, fought on 17 October 1346 just west of Durham, saw a Scottish army under King David II invade northern England while Edward III campaigned in France during the Hundred Years War. An English force composed of northern magnates and local levies assembled quickly and took up a defensive position on rising ground near a stone cross, then repelled Scottish attacks with disciplined infantry and archers. The engagement ended in a decisive English victory: the Scots were routed, many nobles were killed or captured and King David himself was taken prisoner, spending years in English captivity. This defeat crippled Scotland's ability to exploit English distractions in France and reinforced the effectiveness of English tactics combining dismounted men-at-arms and longbowmen. Contemporary and later accounts point to heavy Scottish casualties, likely several thousand killed or taken, while English losses were relatively modest, though not insignificant.","The Neville's Cross battlefield now lies partly within the western outskirts of modern Durham, where roads, housing and institutional buildings occupy much of the ground once covered by fields and enclosures. Some areas of open space and undulating terrain survive around the historic site of the cross and nearby ridges, giving a limited but useful sense of the original topography. Visitors encounter the battlefield mainly as a composite urban and suburban landscape rather than a single preserved field, moving between streets, small greens and churchyards linked to the events of 1346. Access is straightforward on foot and by road from central Durham, and interpretation relies on plaques, local guides and historical studies rather than a dedicated large-scale visitor centre, though the proximity of the cathedral and city adds rich wider context to a visit.",54.77627,-1.601199,"https://www.google.com/maps?q=54.77627,-1.601199",https://www.battlefieldstrust.com/resource-centre/medieval/battleview.asp?BattleFieldId=28,Military,,,,,
Battle of Newburn Ford 1640,"The English Civil War - Diane Purkiss; The Bishops' Wars: Charles I's Campaigns against Scotland, 1638-1640 - John Kenyon","The Battle of Newburn Ford, fought on 28 August 1640 on the River Tyne west of Newcastle, was the key engagement of the Second Bishops' War between the forces of Charles I and a Scottish Covenanter army under Alexander Leslie. English troops attempted to block the Scots at the river crossings near Newburn with hastily constructed earthworks and artillery, but Covenanter guns dominated the position, drove the English from their works and forced a crossing. Leslie's victory allowed the Scots to occupy Newcastle and control the vital coal trade, compelling Charles to negotiate. The resulting Treaty of Ripon and the financial pressure of paying the Scottish army helped push the king into recalling the English Parliament, setting in motion the political crisis that led to the Long Parliament and, ultimately, the English Civil War. Contemporary reports indicate that casualties were relatively modest compared with later Civil War battles, with perhaps a few hundred English soldiers killed, wounded or captured, while Scottish losses were lighter.","The Newburn Ford battlefield lies along a stretch of the River Tyne near Newburn, where riverbanks, floodplain and rising ground on both sides of the water shaped the artillery duel and the Scottish crossing. Today the area combines suburban development, riverside paths, parks and industrial remnants, but key features such as the line of the river, higher ground behind the English positions and the general setting of the fords remain recognisable. Visitors experience the battlefield mainly via riverside walks, local roads and green spaces rather than a single open agricultural landscape. Access is straightforward by road from Newcastle and neighbouring settlements, and interpretation is provided through local information boards, heritage trails and published accounts rather than a dedicated visitor centre.",54.979536,-1.748516,"https://www.google.com/maps?q=54.979536,-1.748516",https://www.battlefieldstrust.com/resource-centre/civil-war/battleview.asp?BattleFieldId=29,Military,,,,,
Battle of Newbury 1643,"The English Civil War - Diane Purkiss; God's Fury, England's Fire - Michael Braddick","The First Battle of Newbury, fought on 20 September 1643 in Berkshire, set King Charles I's royalist army against a Parliamentarian force under the Earl of Essex as the king tried to block Essex's march back to London after the relief of Gloucester. Essex deployed his troops on and around high ground and commons south and west of Newbury, and a day of stubborn fighting in lanes, hedged fields and open heath ended without a clear tactical victor. Strategically, however, the battle checked the royalist advance and allowed Essex to reach London with his army intact, denying Charles the decisive blow he needed early in the war and strengthening Parliament's political position. Contemporary accounts and modern estimates suggest that each side may have suffered around a thousand or more killed and wounded, reflecting the intensity of repeated assaults and close-quarters combat in difficult terrain.","The 1643 Newbury battlefield now lies on the southern and western fringes of the modern town, where Wash Common, fields, golf course land and built-up areas overlap the ground once occupied by the opposing armies. Some open spaces, commons and gentle ridges survive, preserving views that help visitors understand how Parliament's positions dominated approaches to the town, though many original fields and lanes have been altered or absorbed into development. Public roads and footpaths cross parts of the battlefield, and interpretation boards and monuments at locations such as Wash Common and around Newbury provide context for the action. There is no single, self-contained battlefield park or large visitor centre, so visitors tend to explore a series of sites by car and on foot, using maps, local guides and on-site panels to piece together how the battle unfolded across what is now a mixed suburban and semi-rural landscape.",51.388001,-1.348646,"https://www.google.com/maps?q=51.388001,-1.348646",https://www.battlefieldstrust.com/resource-centre/civil-war/battleview.asp?BattleFieldId=30,Military,,,,,
Battle of Northallerton 1138,The English and the Norman Conquest - Ann Williams; The Norman Conquest and the English - George Garnett,"The Battle of Northallerton, often called the Battle of the Standard, was fought on 22 August 1138 near Northallerton in North Yorkshire between an invading Scottish army under King David I and English forces loyal to King Stephen. The English commanders, including Archbishop Thurstan of York's representatives and northern barons, formed their troops around a wagon-mounted mast bearing religious banners-the 'standard'-and stood on the defensive while the Scots attacked. Despite some early success by Scottish infantry, the English formation held and eventually repelled the assaults, forcing the Scots to withdraw. The victory helped secure northern England during the civil war between Stephen and Empress Matilda and demonstrated the resilience of local English leadership even while the throne itself was contested. Contemporary chronicles suggest that Scottish casualties were heavy, with many of their less well-armoured infantry cut down during repeated assaults and in the retreat, while English losses appear to have been considerably lighter, though precise numbers are unknown.","The Northallerton battlefield lies on relatively flat, open agricultural land south of the town, reflecting the low ridges and fields on which the English standard and Scottish lines faced each other. Modern farming, road alignments and settlement expansion have altered field boundaries and obscured some details of the medieval landscape, but the general expanse of gently rising ground still helps visitors imagine how a compact defensive position could withstand frontal attacks. There is no major battlefield park or visitor centre specifically for the battle; access is via local roads and public footpaths that cross or skirt the likely area of fighting. Interpretation comes mainly from guidebooks, plaques and historical studies, so visitors typically rely on maps and written accounts to connect present-day fields and lanes with the positions of the English 'standard' and the Scottish army.",54.376107,-1.445693,"https://www.google.com/maps?q=54.376107,-1.445693",https://www.battlefieldstrust.com/resource-centre/medieval/battleview.asp?BattleFieldId=32,Military,,,,,
Battle of Northampton 1460,The Wars of the Roses - Alison Weir; The Wars of the Roses: The Fall of the Plantagenets and the Rise of the Tudors - Dan Jones,"The Battle of Northampton, fought on 10 July 1460 near DelaprĂ© Abbey just south of the town, took place during the Wars of the Roses between a Lancastrian army loyal to King Henry VI and a Yorkist force led by the Earl of Warwick, the Earl of March (the future Edward IV) and the Earl of Salisbury. The royalists occupied a fortified camp protected by earthworks and a watercourse, but when the Yorkists attacked in heavy rain, part of the king's line under Lord Grey of Ruthin is believed to have defected or stood aside, allowing the attackers to penetrate the defences. The resulting collapse led to a swift Yorkist victory, the capture of King Henry VI and the deaths of several leading Lancastrian nobles, dramatically shifting the balance of power. Although contemporary figures vary, the battle seems to have caused relatively limited casualties compared with some later clashes, with losses concentrated among the king's household and the magnates killed while defending the royal position.","The Northampton battlefield today is largely absorbed into the southern suburbs of the modern town around DelaprĂ© Abbey and the River Nene, where parkland, golf course ground and urban development cover much of the area once occupied by the opposing forces. Surviving open spaces and the grounds of DelaprĂ© Abbey still give a partial sense of the gentle slopes and water features that shaped the Lancastrian camp and the Yorkist assault routes. Visitors experience the site mainly as a combination of historic house grounds, parkland and surrounding roads rather than a single open agricultural field. Access is straightforward by road, with parking and walking routes in and around the Abbey and nearby green spaces, while interpretation is provided through local information, plaques and guides that relate present-day features to the positions of the royal encampment and the Yorkist approach.",52.222898,-0.885598,"https://www.google.com/maps?q=52.222898,-0.885598",https://www.battlefieldstrust.com/resource-centre/warsoftheroses/battleview.asp?BattleFieldId=33,Military,,,,,
Battle of Otterburn 1388,The Battle of Otterburn 1388 - Peter Armstrong; The Wars of the Bruces and Beyond: Scotland's Medieval Wars - Michael Brown,"The Battle of Otterburn, fought on the night of 5-6 August 1388 in Northumberland, was a major clash between a Scottish raiding force led by James, 2nd Earl of Douglas, and an English army under Henry 'Hotspur' Percy. After raiding deep into northern England, the Scots began to withdraw towards the border when Percy moved to cut them off near Otterburn; fierce hand-to-hand fighting developed in the dark around the Scottish camp. Although Douglas was killed in the fighting, his men held their ground and counter-attacked, eventually driving off the English and capturing Hotspur and many other prisoners. The victory boosted Scottish prestige and underlined the continuing vulnerability of northern England despite earlier English successes in France during the Hundred Years War. Contemporary sources disagree on numbers, but they suggest notable casualties on both sides, with the English suffering heavily in dead and prisoners and the Scots losing Douglas and many lesser men in the mĂŞlĂ©e.","The Otterburn battlefield lies in open, rolling upland country near the village of Otterburn in the Northumberland uplands, characterised by rough pasture, moorland and low ridges. The relatively remote, sparsely settled landscape still conveys a strong sense of how a night battle might have unfolded around a Scottish encampment, with limited landmarks and wide, open slopes. Modern military training areas and some infrastructure occupy parts of the wider area, but much of the ground retains its rural, upland character. Access is mainly via the A696 and minor roads, with some rights of way and tracks allowing closer views of the likely battle area; interpretation is provided through local monuments, information boards and battlefield guides rather than a large visitor centre.",55.237463,-2.188543,"https://www.google.com/maps?q=55.237463,-2.188543",https://www.battlefieldstrust.com/resource-centre/medieval/battleview.asp?BattleFieldId=34,Military,,,,,
Battle of Roundway Down 1643,The English Civil War - Diane Purkiss; The English Civil War: A Military History - Peter Gaunt,"The Battle of Roundway Down, fought on 13 July 1643 near Devizes in Wiltshire, was a major cavalry action in which a royalist force under Lord Wilmot and Sir Ralph Hopton met Parliamentarian troops commanded by Sir William Waller. After Waller moved to contain royalist forces at Devizes, a relief army of royalist horse arrived from Oxford and attacked his position on the high ground of Roundway Down. In a series of charges and pursuits across the steep escarpment and surrounding fields, the royalist cavalry broke Waller's horse and then rolled up his infantry, turning an initial clash into a rout. Roundway Down is often regarded as one of the most complete royalist victories of the war, destroying much of Waller's field army in the west and helping open the way for further royalist gains in 1643. Contemporary accounts and modern estimates suggest that Parliament suffered heavy casualties in killed, wounded and captured-possibly in the low thousands overall-while royalist losses were comparatively light.","The Roundway Down battlefield occupies a dramatic chalk downland landscape north of Devizes, with steep slopes, open fields and far-reaching views that still mirror seventeenth-century descriptions. The escarpment edges and broad, gently sloping tops give a clear sense of the advantages and risks of fighting cavalry actions on such ground, particularly the hazards faced by broken troops fleeing down the steep sides. Today parts of the battlefield remain open farmland and down, with public footpaths and bridleways crossing key areas, while other sections are bordered by modern roads and the Devizes White Horse hill figure nearby. There is no large, dedicated visitor centre focused solely on the battle, but interpretation boards, local markers and published guides, combined with good car access to lay-bys and car parks on the Downs, make Roundway Down one of the more visually striking Civil War cavalry battlefields to explore.",51.385808,-1.983851,"https://www.google.com/maps?q=51.385808,-1.983851",https://www.battlefieldstrust.com/resource-centre/civil-war/battleview.asp?BattleFieldId=36,Military,,,,,
Battle of Rowton Heath 1645,The English Civil War - Diane Purkiss; The English Civil War: A Military History - Peter Gaunt,"The Battle of Rowton Heath, fought on 24 September 1645 just south-east of Chester, occurred when King Charles I attempted to relieve the besieged city and encountered Parliamentarian forces under Sydnam Poyntz. After initial skirmishing near the village of Rowton, Parliamentarian cavalry and dragoons pressed royalist horse back towards Chester, fighting across fields, lanes and hedged enclosures while the king watched from the city walls. The royalist cavalry was eventually routed and driven from the field, leaving Chester exposed and further weakening Charles's dwindling military resources in the months after Naseby. Modern accounts describe Rowton Heath as one of the last serious attempts by the king to influence the war in the field, and its failure contributed to the eventual fall of Chester and the collapse of remaining royalist positions in the north-west. Casualties were significant, particularly among royalist cavalry and officers, with several hundred killed or captured, while Parliamentarian losses, though appreciable, were lower.","The Rowton Heath battlefield today lies in a semi-rural landscape of fields, farms and suburban fringes to the south-east of modern Chester, where roads and housing now overlay parts of the seventeenth-century terrain. Hedged fields, gentle rises and narrow lanes still suggest the enclosed ground that shaped cavalry combat and limited large-scale manoeuvre during the battle. Visitors experience the site as a mix of countryside and outer suburbs rather than a single preserved battlefield, moving between villages such as Rowton and Christleton and the approaches to Chester. Access is straightforward by road and public footpaths, and interpretation is provided through local markers, church memorials and battlefield guides rather than a dedicated visitor centre, so maps and background reading are helpful for relating present-day features to the phases of the fighting.",53.160512,-2.814458,"https://www.google.com/maps?q=53.160512,-2.814458",https://www.battlefieldstrust.com/resource-centre/civil-war/battleview.asp?BattleFieldId=38,Military,,,,,
Battle of Sedgemoor 1685,Monmouth's Rebellion - I. Gentles; The Army of Charles II - John Childs,"The Battle of Sedgemoor, fought in the early hours of 6 July 1685 near Westonzoyland in Somerset, was the climactic engagement of the Monmouth Rebellion, pitting the rebel army of James Scott, Duke of Monmouth, against royal troops commanded by Lord Feversham and John Churchill. Monmouth attempted a night march across the moors to surprise the royal camp, but his column became confused in the dark and was checked by drainage ditches and royalist outposts, allowing government forces to form up and counter-attack. Once battle was joined the poorly trained, largely infantry rebel army was broken by disciplined royalist foot, cavalry and artillery, turning the engagement into a rout. Monmouth's defeat led to his capture and execution, the brutal 'Bloody Assizes' under Judge Jeffreys and ",,51.118501,-2.929472,"https://www.google.com/maps?q=51.118501,-2.929472",https://www.battlefieldstrust.com/resource-centre/stuart-rebellions/battleview.asp?BattleFieldId=37,Military,,,,,
Battle of Shrewsbury 1403,Henry IV - Chris Given-Wilson; The Wars of the Roses and the Hundred Years War - A.J. Pollard,"The Battle of Shrewsbury, fought on 21 July 1403 north of the town in Shropshire, set King Henry IV's royal army against the rebels led by Henry 'Hotspur' Percy and his allies from the Welsh Marches. Meeting earlier than expected, both sides deployed on gently rising ground divided by hedges and fields, and the battle opened with a deadly exchange of archery that inflicted heavy casualties, including on Henry's household troops. Fierce infantry fighting followed, during which Hotspur was killed and a royal counter-attack stabilised the king's position, turning the struggle into a hard-won royalist victory. Shrewsbury was crucial in securing Henry IV's still-contested throne in the years after his usurpation of Richard II and demonstrated both the effectiveness and the terrible cost of massed English archery in battle. Contemporary accounts suggest that casualties on both sides were very high by medieval standards-several thousand killed in total-with losses particularly severe among the nobility and retainers of the rebel forces.","The Shrewsbury battlefield lies in a rolling agricultural landscape around the village of Battlefield, a few miles north of the town, where fields, gentle slopes and hedgerows still echo the terrain described in early sources. Although modern roads, a church, industrial buildings and some development now occupy parts of the area, substantial open fields remain, preserving views across the ground over which both armies advanced and fought. The centrepiece of the site is Battlefield Church (St Mary Magdalene), built soon after the battle and now a key point for visitors, surrounded by farmland that forms the core of the registered battlefield. Access is straightforward from the A49 and local roads, with parking near the church and paths and permissive routes across adjacent fields, while interpretation is provided through on-site panels, church displays and battlefield guides rather than a large, separate visitor centre.",52.757675,-2.731886,"https://www.google.com/maps?q=52.757675,-2.731886",https://www.battlefieldstrust.com/resource-centre/medieval/battleview.asp?BattleFieldId=39,Military,,,,,
Battle of Solway Moss 1542,Scotland and the Union 1707 - Christopher Whatley; The Rough Wooings: Mary Queen of Scots 1542-1551 - Marcus Merriman,"The Battle of Solway Moss, fought on 24 November 1542 near the River Esk on the western Anglo-Scottish border, saw a large Scottish army under the Earl of Arran and Lord Maxwell confront a smaller English force commanded by Sir Thomas Wharton during Henry VIII's campaign pressure on James V. Poor Scottish leadership, confusion and the difficult, boggy ground of the moss turned the encounter into a chaotic collapse rather than a set-piece clash; many Scots fled or were trapped in the marsh, and large numbers surrendered with little sustained fighting. The result was a humiliating Scottish defeat, with thousands of prisoners taken, which gravely undermined James V's prestige; he died soon afterwards, leaving his infant daughter Mary Queen of Scots as heir and encouraging Henry VIII's later 'Rough Wooing' to force a dynastic marriage. Contemporary and later accounts suggest that, although outright battlefield deaths were not on the scale of some major battles, the loss of prisoners and the psychological impact were immense, while English casualties were relatively light.","The Solway Moss battlefield lies in low, flat country of mosses, meres and farmland north of the River Esk near the modern border, where peat bogs and soft ground helped to disrupt Scottish movements in 1542. Much of the former moss has since been drained and improved for agriculture, and field boundaries and drainage ditches now pattern the landscape, but the general sense of open, low-lying ground bounded by rivers and rough patches remains. There is no single, clearly defined battlefield park or large visitor centre, and the precise locations of some parts of the action remain debated among historians. Access is mainly via minor roads and farm tracks from nearby settlements, with interpretation relying on guidebooks, historical studies and limited local information rather than extensive on-site signage, so visitors typically need maps and background reading to relate present-day fields and drainage works to the events of 1542.",54.968524,-3.027044,"https://www.google.com/maps?q=54.968524,-3.027044",https://www.battlefieldstrust.com/resource-centre/early-modern/battleview.asp?BattleFieldId=40,Military,,,,,
Battle of Stamford Bridge 1066,The Norman Conquest - Marc Morris; 1066: The Year of the Conquest - David Howarth,"The Battle of Stamford Bridge, fought on 25 September 1066 east of York, saw King Harold Godwinson's English army launch a rapid march north and surprise an invading Norwegian force led by King Harald Hardrada and Harold's exiled brother Tostig Godwinson. Caught off guard on a warm late-September day, many Norwegians had left their armour at their ships near Riccall, and although they formed strong shield walls near the River Derwent and the bridge itself, successive English assaults eventually broke their resistance. Hardrada and Tostig were both killed, the Norwegian army was virtually destroyed and only a fraction of its fleet returned home, ending the immediate Scandinavian threat to Harold's throne. The victory, however, came at a cost: Harold's troops suffered significant losses and were forced to march swiftly south again to meet William of Normandy, contributing to their fatigue and depletion before the Battle of Hastings. Contemporary sources imply that thousands were killed on both sides, with Norwegian casualties especially severe, though exact numbers remain uncertain.","The Stamford Bridge battlefield today lies around the village of Stamford Bridge in the East Riding of Yorkshire, focused on the crossing of the River Derwent and the gently rolling farmland and meadows to its east. Modern bridges, roads, housing and commercial development cover parts of the medieval landscape, but the river, valley and surrounding low ridges still give a sense of the constrained crossing point and open ground where the shield-wall fighting took place. Visitors encounter the site as a combination of village streets, riverbanks and adjacent fields rather than a single large preserved battlefield, though there are monuments and interpretation boards marking key locations. Access is straightforward by road from York and nearby towns, with parking in and around Stamford Bridge, and understanding the battle is enhanced by using maps, local plaques and guide material that link present-day features to the movements of Harold's and Hardrada's forces.",54.012158,-0.914386,"https://www.google.com/maps?q=54.012158,-0.914386",https://www.battlefieldstrust.com/resource-centre/viking/battleview.asp?BattleFieldId=41,Military,,,,,
Battle of Stoke (Field) 1487,The Wars of the Roses - Alison Weir; Winter King: The Dawn of Tudor England - Thomas Penn,"The Battle of Stoke Field, fought on 16 June 1487 near East Stoke in Nottinghamshire, was the climactic engagement of the Yorkist Lambert Simnel rising against Henry VII. A mainly Irish and continental mercenary army led by the Earl of Lincoln and other Yorkist nobles confronted the king's larger Tudor force on high ground above the River Trent. After hard fighting on the slopes and in enclosed fields, the rebel army was ground down and broken, with many Yorkist leaders killed while Henry's troops held the field. Stoke is often regarded as the last pitched battle of the Wars of the Roses, ending serious armed Yorkist attempts to unseat the first Tudor king. Contemporary and modern estimates suggest that rebel casualties were very heavy, running into the thousands, while royal losses, though significant, were far lower, underscoring the one-sided outcome once the Yorkist line collapsed.","The Stoke Field battlefield today occupies rolling farmland and ridges around the village of East Stoke, overlooking the Trent valley, where hedged fields, lanes and gentle slopes echo the terrain described in sixteenth-century accounts. Much of the area remains in agricultural use, preserving long views across the battlefield and the sense of a defensive position held on higher ground against an advancing royal army. Modern roads and the nearby A46 cut across parts of the wider landscape, but core areas of the registered battlefield can be explored via minor roads and public footpaths, including routes near Stoke church and along the ridges where the fighting was concentrated. Interpretation is provided through local information boards, church displays and battlefield guides rather than a large dedicated visitor centre, so visitors typically use maps and written accounts to connect present-day fields and landmarks to the phases of the 1487 battle.",52.987757,-0.896141,"https://www.google.com/maps?q=52.987757,-0.896141",https://www.battlefieldstrust.com/resource-centre/warsoftheroses/battleview.asp?BattleFieldId=42,Military,,,,,
Battle of Stow (-on-the-Wold) 1646,The English Civil War - Diane Purkiss; The English Civil War: A Military History - Peter Gaunt,"The Battle of Stow-on-the-Wold, fought on 21 March 1646 on the high Cotswold ground near the town, is often regarded as the last pitched battle of the First English Civil War. A weary royalist force under Sir Jacob Astley, marching to link up with other royalist garrisons, was intercepted by Parliamentarian troops commanded by Colonel Thomas Morgan and others, who blocked its route on the hills above Stow. After hard fighting in fields and narrow lanes the royalist line collapsed, Astley's men were driven back into and through the town, and large numbers were killed or captured, effectively ending any realistic prospect of Charles I raising another substantial field army. Astley himself was taken prisoner, famously declaring that he had long kept a flock of sheep in the field and now they must be folded, encapsulating the sense that the war was drawing to a close. Contemporary accounts suggest that royalist casualties and prisoners numbered in the thousands when the rout and subsequent capitulation are considered, while Parliamentarian losses were noticeably lighter, though not insignificant.","The Stow battlefield lies on and around the high Cotswold ridges and fields north and east of Stow-on-the-Wold, where open upland farmland, stone walls and lanes shaped the approach of Astley's column and the Parliamentarian blocking positions. Much of the area remains agricultural, with long views over the surrounding countryside and a strong sense of elevation, helping visitors picture the exposed marching royalist force being brought to battle on the hilltops and then driven towards the town. Modern roads, including the Fosse Way (A429), run across parts of the battlefield, and Stow itself has expanded, but key areas of open ground and approach lanes survive and can be followed on foot and by car. There is no single large visitor centre devoted solely to the battle; instead, interpretation is offered through local plaques, church memorials, guidebooks and battlefield trails that link present-day fields, roads and viewpoints to the final stages of the 1646 engagement.",51.938193,-1.718942,"https://www.google.com/maps?q=51.938193,-1.718942",https://www.battlefieldstrust.com/resource-centre/civil-war/battleview.asp?BattleFieldId=43,Military,,,,,
Battle of Stratton 1643,The English Civil War - Diane Purkiss; The English Civil War: A Military History - Peter Gaunt,"The Battle of Stratton, fought on 16 May 1643 near the town of Stratton in north Cornwall, saw a smaller royalist force under Sir Ralph Hopton and other western commanders attack a larger Parliamentarian army led by the Earl of Stamford. The Parliamentarians held strong positions on a steep, fortified ridge, but the royalists launched coordinated uphill assaults from several directions over the course of the day, gradually gaining a foothold and finally breaking the defence. The victory secured much of Cornwall and Devon for the king, boosted royalist morale in the West Country and showcased the effectiveness and determination of Hopton's largely Cornish infantry. Contemporary and modern estimates suggest that Parliament lost many hundreds of men killed, wounded or captured, while royalist casualties were significant but lower, a notable outcome given the disadvantage of attacking uphill against superior numbers.","The Stratton battlefield lies in a landscape of steep slopes, ridges and enclosed fields north of Stratton and Bude, where hedged pasture and arable land still reflect the challenging ground over which the royalists advanced. The prominent hill once occupied by Stamford's troops remains a key feature, with surrounding valleys and rising approaches that help visitors visualise how repeated assaults gradually turned the position. Modern roads, farms and settlement have altered some details, but much of the core topography-steep fields, lanes and hedgerows-is intact and accessible via minor roads and public footpaths. There is no major, dedicated visitor centre; interpretation relies on local information, church memorials and battlefield guides, so visitors typically use maps and written accounts to relate present-day fields and ridges to the phases of the 1643 fighting.",50.837808,-4.508118,"https://www.google.com/maps?q=50.837808,-4.508118",https://www.battlefieldstrust.com/resource-centre/civil-war/battleview.asp?BattleFieldId=44,Military,,,,,
Battle of Tewkesbury 1471,The Wars of the Roses - Alison Weir; The Wars of the Roses: The Fall of the Plantagenets and the Rise of the Tudors - Dan Jones,"The Battle of Tewkesbury, fought on 4 May 1471 south of the town in Gloucestershire, was a decisive clash in the Wars of the Roses between the Yorkist forces of King Edward IV and a Lancastrian army led in effect by Queen Margaret of Anjou and her son Prince Edward of Westminster. The Lancastrians took up a defensive position among enclosed fields and hedged ground, but Edward attacked aggressively, using artillery and concentrated infantry assaults to drive into their lines while a flanking move on rougher ground helped unhinge their left. The Lancastrian army broke and was routed towards the River Severn and Tewkesbury Abbey; Prince Edward was killed, many nobles were slain in the fighting or executed afterwards, and Margaret was captured. Tewkesbury effectively destroyed the main Lancastrian claim to the throne and secured Edward IV's restored rule, leaving only minor resistance that was stamped out in the months that followed. Contemporary accounts indicate heavy Lancastrian casualties in the battle and subsequent pursuit, while Yorkist losses were markedly lower though still substantial.","The Tewkesbury battlefield occupies gently undulating farmland and former common fields south of the town, bordered by streams, hedgerows and small woods that reflect the 'closures' and broken ground noted in ",51.983508,-2.159414,"https://www.google.com/maps?q=51.983508,-2.159414",https://www.battlefieldstrust.com/resource-centre/warsoftheroses/battleview.asp?BattleFieldId=45,Military,,,,,
Battle of Towton 1461,The Wars of the Roses - Alison Weir; The Wars of the Roses: The Fall of the Plantagenets and the Rise of the Tudors - Dan Jones,"The Battle of Towton, fought on 29 March 1461 south of York, was the largest and bloodiest pitched battle of the Wars of the Roses, pitting the Yorkist forces of Edward, Earl of March (soon Edward IV), against a Lancastrian army loyal to King Henry VI and Queen Margaret of Anjou. In bitter winter weather with driving snow, opposing lines of archers and dismounted men-at-arms clashed on an exposed plateau near the village of Towton, and after hours of intense fighting a Yorkist flanking attack and pressure along the line finally broke the Lancastrian army, which was then pursued and cut down as it tried to flee towards Tadcaster and the River Wharfe. The victory destroyed Lancastrian military power in England for a generation and allowed Edward to secure his coronation and effective control of the kingdom, even though pockets of resistance continued. Contemporary reports and later estimates suggest exceptionally high casualties, with many thousands-perhaps well over ten thousand-killed, making Towton notorious as one of the deadliest battles fought on English soil, though precise figures remain debated.","The Towton battlefield occupies a broad, gently undulating plateau and surrounding slopes in open countryside between the villages of Towton, Saxton and Tadcaster in North Yorkshire. Much of the area remains agricultural, with large arable fields, hedgerows and shallow valleys that closely match the terrain described in historical accounts, including the dip of Towton Dale and the ground sloping towards the Cock Beck where many fugitives are said to have died. Modern roads, including the A162, cross the battlefield, and some housing and quarrying affect its edges, but key areas of the registered site are accessible via minor roads, footpaths and dedicated battlefield trails. Monuments, information boards and church memorials, particularly around Saxton and at Towton Cross, provide on-site interpretation, while the landscape's openness and scale give a powerful impression of the size and ferocity of the 1461 battle despite later changes.",53.848229,-1.297895,"https://www.google.com/maps?q=53.848229,-1.297895",https://www.battlefieldstrust.com/resource-centre/warsoftheroses/battleview.asp?BattleFieldId=46,Military,,,,,
Battle of Winceby 1643,The English Civil War - Diane Purkiss; The English Civil War: A Military History - Peter Gaunt,"The Battle of Winceby, fought on 11 October 1643 near the village of Winceby in Lincolnshire, was a sharp cavalry action in the First English Civil War in which Parliamentarian forces under the Earl of Manchester and Oliver Cromwell defeated a Royalist field force commanded by Sir William Widdrington and Sir John Henderson. The engagement developed on open, gently rising ground as Parliament's horse advanced against the Royalist cavalry, and after an initial reverse Cromwell's regrouped squadrons, supported by other Parliamentarian regiments, broke through the Royalist line and drove it from the field. The victory helped secure Parliament's position in Lincolnshire, contributed to the subsequent recapture of Lincoln and Bolingbroke Castle, and formed part of the wider shift of momentum towards Parliament in the north and east in late 1643. Contemporary accounts stress the predominance of cavalry and the relatively short, intense nature of the fight compared with the larger, more prolonged battles elsewhere in the war.","The Winceby battlefield lies in a landscape of open, rolling farmland and lanes east of Horncastle, where large fields, hedgerows and modest ridges give a good impression of the ground over which opposing bodies of cavalry manoeuvred in 1643. Modern enclosure has altered field boundaries and scale, and road improvements have changed some approaches, but the overall topography-gentle slopes, open vistas and the relationship between Winceby village, local lanes and surrounding high ground-remains legible. There is no major visitor centre on the site; interpretation is provided through local heritage material, occasional information boards and battlefield guides, so visitors generally rely on maps and written accounts to relate today's fields and roads to the deployment and charges described in seventeenth-century narratives. Public roads and footpaths allow views across much of the registered battlefield, though access to individual fields is dependent on landowners.",53.201891,-0.060048,"https://www.google.com/maps?q=53.201891,-0.060048",https://www.battlefieldstrust.com/resource-centre/civil-war/battleview.asp?BattleFieldId=48,Military,,,,,
Battle of Winwick (Battle of Red Bank) 1648,The English Civil War - Diane Purkiss; The English Civil War: A Military History - Peter Gaunt,"The Battle of Winwick, fought on 19 August 1648 just north of Warrington in Lancashire, was a hard-fought action during the Second English Civil War in which Parliamentarian forces under Cromwell and Lambert attacked a largely Scottish Engager army retreating south under the Duke of Hamilton. The Scots and Royalists attempted to hold a strong defensive line across the rising ground and lanes near Winwick and Red Bank, using hedged enclosures and a narrow defile to delay pursuit, but repeated Parliamentarian infantry assaults supported by cavalry gradually forced their positions and turned the defence into a rout towards Warrington and across the Mersey. The defeat fatally weakened Hamilton's army after its earlier reverse at Preston, leading to large-scale surrenders, the collapse of the Engager campaign in England and the effective end of serious Royalist military resistance before the final political crisis that culminated in Charles I's trial and execution. Contemporary accounts emphasise the stubborn stand made by Scottish infantry at the hedged banks and the heavy casualties inflicted as their line finally gave way.","The Winwick battlefield occupies undulating farmland, lanes and settlement edges between Winwick and Newton-le-Willows, where rising ground, hedgerows and narrow roads help explain how a relatively small rearguard position could temporarily check a pursuing army. Much of the area has been affected by modern development, major roads and industrial sites around the M6 and the urban fringe of Warrington, but pockets of enclosed fields, wooded banks and older lanes survive that reflect the seventeenth-century terrain of Red Bank and its approaches. Access to the battlefield is mainly via public roads, pavements and a limited network of paths; there is no large dedicated visitor centre, though local heritage initiatives, church memorials and battlefield guides provide interpretation that allows visitors to relate surviving topographical features to the 1648 fighting. Despite later change, the contrast between rising defensive ground and lower approaches, together with surviving hedged boundaries, still conveys aspects of the battle's tactical setting.",53.439,-2.603,"https://www.google.com/maps?q=53.439,-2.603",https://www.battlefieldstrust.com/resource-centre/civil-war/battleview.asp?BattleFieldId=90,Military,,,,,
Battle of Worcester 1642 & 1651 ,The English Civil War - Diane Purkiss; The English Civil War: A Military History - Peter Gaunt,"The first skirmish (1642) and the key clash (1651) were fought in and around the south Worcester city centre. The fighting around Worcester on 3 September 1651 marked the final major battle of the English Civil War, when a Royalist army led by Charles II was defeated by a much larger Parliamentarian force commanded by Oliver Cromwell. The Royalists defended the walled city and key crossing points over the Rivers Severn and Teme, while Parliament mounted coordinated assaults from multiple directions, forcing passages over the rivers, storming the outskirts and eventually breaking into Worcester itself, turning the battle into a rout that ended organised Royalist resistance in England it. Specific locations Powick bridge, Powick Church and the point where the river Teme flows into the river Severn.","The registered battlefield and associated sites around Worcester and Powick encompass river meadows, floodplains, bridges, ridges and suburban streets that together illustrate the complex, multi phase nature of the 1651 battle and its 1642 precursor at Powick Old Bridge. Much of the ground west and south of Worcester remains defined by the Rivers Severn and Teme, with surviving bridges, causeways, hedged fields and low rises that help explain the tactical importance of crossings and the challenges of manoeuvre on often wet, constrained terrain, even though modern roads, housing and industrial areas now overlay parts of the historic landscape. Powick Old Bridge itself still spans the Teme and, with adjacent earthworks and riverbanks, offers a strong visual link to both the 1642 cavalry action and the later 1651 operations. Access is via public roads, riverside paths and local footpaths, supported by plaques, memorials, church monuments and published battlefield trails rather than a single large visitor centre, enabling visitors to relate present day features to the successive phases of civil war fighting in and around Worcester.",52.179,-2.242551,"https://www.google.com/maps?q=52.179,-2.242551",https://www.battlefieldstrust.com/resource-centre/civil-war/battleview.asp?BattleFieldId=49,Military,,,,,
The Site of The Battle of Halidon Hill 1333,"The Wars of Scotland, 1214-1371 - Michael Brown; The Fourteenth Century - May McKisack","The Battle of Halidon Hill, fought on 19 July 1333 just west of Berwick-upon-Tweed, saw an English army under Edward III defeat a larger Scottish force led by Sir Archibald Douglas during the Second War of Scottish Independence. The English took up a strong defensive position on the slopes of Halidon Hill overlooking low, marshy ground, forcing the Scots to advance uphill under fire from massed longbowmen before engaging English men-at-arms on the crest. The Scottish attacks broke up in the difficult ground and suffered heavy casualties from arrows and close combat, leading to a decisive rout in which many nobles were killed and the blockade of English-held Berwick was lifted. The victory strengthened Edward III's control over Berwick and the Borders and demonstrated once again the effectiveness of English infantry and archery tactics against frontal assaults on prepared positions.","The Halidon Hill battlefield occupies a prominent ridge and surrounding lower ground north-west of Berwick-upon-Tweed, where the contrast between the elevated English position and the wetter, flatter approaches from the west and north helps explain the course of the 1333 fighting. Much of the area remains open farmland and rough pasture with wide views towards the Tweed estuary, although modern plantations, field boundaries, a communications mast and road improvements have altered some details of the medieval landscape. The registered battlefield can be viewed from minor roads and tracks near the hill and from public rights of way in the surrounding countryside, but access to the summit and fields is limited by private ownership, and there is no large-scale visitor centre, with interpretation relying mainly on guidebooks, local information and memorials. Despite these changes, the shape of the ridge and its commanding outlook over the approaches to Berwick still give a clear sense of the tactical advantage exploited by Edward III's army.",55.789,-2.06,"https://www.google.com/maps?q=55.789,-2.06",https://www.battlefieldstrust.com/resource-centre/medieval/battleview.asp?BattleFieldId=16,Military,,,,,
